{"cameraMode":{"drawMode":0,"name":"Shaded","section":"Shading Mode"},"sceneLighting":false,"audioPlay":false,"sceneViewState":{"m_AlwaysRefresh":false,"showFog":true,"showSkybox":false,"showFlares":true,"showImageEffects":true,"showParticleSystems":true,"showVisualEffectGraphs":true,"m_FxEnabled":true},"in2DMode":false,"pivot":{"x":1.813454270362854,"y":1.0325500965118409,"z":-3.045834541320801},"rotation":{"x":0.2014414370059967,"y":-0.016151446849107744,"z":0.003915834240615368,"w":0.9796384572982788},"size":0.9669577479362488,"orthographic":false}