{"cameraMode":{"drawMode":0,"name":"Shaded","section":"Shading Mode"},"sceneLighting":true,"audioPlay":false,"sceneViewState":{"m_AlwaysRefresh":false,"showFog":true,"showSkybox":true,"showFlares":true,"showImageEffects":true,"showParticleSystems":true,"showVisualEffectGraphs":true,"m_FxEnabled":true},"in2DMode":false,"pivot":{"x":1.271283745765686,"y":2.582120656967163,"z":2.314016580581665},"rotation":{"x":-0.020633241161704065,"y":0.17625093460083009,"z":-0.005744545720517635,"w":-0.984612762928009},"size":0.24102789163589478,"orthographic":false}